username,iteration,phase,time,gaze_x,gaze_y,speed,matrix_x,matrix_y
0903-6-hyf,34.0,word,1693733835.9180815,499.2058283525376,350.324889021423,4.47213595499958,12.0,0.0
0903-6-hyf,34.0,word,1693733835.9470794,501.91045737053565,350.40939943071,3.0,12.0,0.0
0903-6-hyf,34.0,word,1693733835.9792478,502.8121540293534,350.43757436826417,1.0,12.0,0.0
0903-6-hyf,34.0,word,1693733836.0117965,504.61577788514387,350.49393144690174,2.0,12.0,0.0
0903-6-hyf,34.0,word,1693733836.027965,506.4197091906373,350.55029813229123,2.0,12.0,0.0
0903-6-hyf,34.0,word,1693733836.059119,508.22394802445325,350.60667442688936,2.0,12.0,0.0
0903-6-hyf,34.0,word,1693733836.0912046,509.2055443035415,351.6706730379779,1.4142135623730951,12.0,0.0
0903-6-hyf,34.0,word,1693733836.1235228,510.10770793148583,351.69890660264065,1.0,12.0,0.0
0903-6-hyf,34.0,word,1693733836.1551828,511.00994845531153,351.72714257379016,1.0,12.0,0.0
0903-6-hyf,34.0,word,1693733836.187239,511.67543449281,348.64656191915014,3.1622776601683795,12.0,0.0
0903-6-hyf,34.0,word,1693733836.2196877,513.0085907310493,342.4752899679466,6.324555320336759,12.0,0.0
0903-6-hyf,34.0,word,1693733836.251395,514.3446671607221,336.29050024968,6.324555320336759,12.0,0.0
0903-6-hyf,34.0,word,1693733836.2835202,515.7622282243744,331.1353038654024,5.385164807134504,12.0,0.0
0903-6-hyf,34.0,word,1693733836.2994294,517.1824221166596,325.9705327622668,5.385164807134504,12.0,0.0
0903-6-hyf,34.0,word,1693733836.3314042,518.6052561793035,320.79616024086727,5.385164807134504,12.0,0.0
0903-6-hyf,34.0,word,1693733836.3637838,519.278600325614,317.6815270017795,3.1622776601683795,12.0,0.0
0903-6-hyf,34.0,word,1693733836.3953664,519.8746054397782,313.51442467174667,4.123105625617661,12.0,0.0
0903-6-hyf,34.0,word,1693733836.4273093,533.2118900711988,309.7143706166707,15.524174696260024,12.0,0.0
0903-6-hyf,34.0,word,1693733836.4596758,557.4664433473614,305.16886987135473,27.459060435491963,12.0,0.0
0903-6-hyf,34.0,word,1693733836.4911392,580.9705253392739,301.6354962183667,26.30589287593181,12.0,0.0
0903-6-hyf,34.0,word,1693733836.5237722,601.0145504570065,300.10138861151626,22.09072203437452,12.0,0.0
0903-6-hyf,34.0,word,1693733836.5396583,615.5905160299794,298.40525444432694,16.1245154965971,12.0,0.0
0903-6-hyf,34.0,word,1693733836.5711298,625.6517255848859,297.63482550066425,11.04536101718726,12.0,0.0
0903-6-hyf,34.0,word,1693733836.6031654,633.9418413363285,297.8718038762753,9.0,12.0,0.0
0903-6-hyf,34.0,word,1693733836.635201,639.4721735063757,298.02989203493814,6.0,12.0,0.0
0903-6-hyf,34.0,word,1693733836.6676395,644.0829784186889,298.1616949061091,5.0,12.0,0.0
0903-6-hyf,34.0,word,1693733836.6991496,647.7730598587506,298.2671782952146,4.0,12.0,0.0
0903-6-hyf,34.0,word,1693733836.7327409,692.8828724115117,295.30547549676515,49.16299421312742,12.0,0.0
0903-6-hyf,34.0,word,1693733836.7637627,770.838126732396,291.1071790831333,84.2140130857092,12.0,0.0
0903-6-hyf,34.0,word,1693733836.7957983,835.3954831240065,286.4765355473027,69.26037828369117,12.0,0.0
0903-6-hyf,34.0,word,1693733836.8120122,876.8517805181733,284.39529954817334,44.10215414239989,12.0,0.0
0903-6-hyf,34.0,word,1693733836.843204,902.3480360422634,279.6973856785039,27.459060435491963,12.0,0.0
0903-6-hyf,34.0,word,1693733836.8757071,918.4897568252712,280.1394585880002,17.0,12.0,0.0
0903-6-hyf,34.0,word,1693733836.907739,939.4075531573827,279.62883357194954,22.02271554554524,12.0,0.0
0903-6-hyf,34.0,word,1693733836.9393127,972.7871945095841,280.54132659388944,35.0,12.0,0.0
0903-6-hyf,34.0,word,1693733836.9720037,999.5591760233162,283.4458444213296,28.0713376952364,12.0,0.0
0903-6-hyf,34.0,word,1693733837.003093,1018.6820134028447,290.4851799855922,20.8806130178211,12.0,0.0
0903-6-hyf,34.0,word,1693733837.035617,1032.074800110289,294.1109132973608,14.317821063276352,12.0,0.0
0903-6-hyf,34.0,word,1693733837.0679293,1040.6748796418185,297.602898994652,9.486832980505138,12.0,0.0
0903-6-hyf,34.0,word,1693733837.0832138,1047.3661410451787,299.9573925005804,7.280109889280518,12.0,0.0
0903-6-hyf,34.0,word,1693733837.1155324,1052.1505250100686,301.1751307995226,5.0990195135927845,12.0,0.0
0903-6-hyf,34.0,word,1693733837.1479702,1033.9379377262485,300.6617689071439,19.0,12.0,0.0
0903-6-hyf,34.0,word,1693733837.179266,1025.3215825217615,300.41889795507916,9.0,12.0,0.0
0903-6-hyf,34.0,word,1693733837.2116537,1010.9761899574398,300.01454146475896,15.0,12.0,0.0
0903-6-hyf,34.0,word,1693733837.2439127,989.9733354376272,297.26212115572343,22.09072203437452,12.0,0.0
0903-6-hyf,34.0,word,1693733837.275917,968.0463909086383,295.56657783716616,23.021728866442675,12.0,0.0
0903-6-hyf,34.0,word,1693733837.307135,948.057749843647,293.92709763990956,21.02379604162864,12.0,0.0
0903-6-hyf,34.0,word,1693733837.339594,932.8378950481298,291.34343035691427,16.1245154965971,12.0,0.0
0903-6-hyf,34.0,word,1693733837.355602,918.5777833253559,288.78797578001985,15.132745950421556,12.0,0.0
0903-6-hyf,34.0,word,1693733837.3876836,907.1838997197634,287.3924874273687,12.041594578792296,12.0,0.0
0903-6-hyf,34.0,word,1693733837.4191833,898.6257424248212,284.99707795315356,9.219544457292889,12.0,0.0
0903-6-hyf,34.0,word,1693733837.451275,891.9942252662,284.8137992354161,7.0,12.0,0.0
0903-6-hyf,34.0,word,1693733837.4839022,887.2599244950203,284.6829548820094,5.0,12.0,0.0
0903-6-hyf,34.0,word,1693733837.5159397,883.4569300017603,283.4990332319181,4.123105625617661,12.0,0.0
0903-6-hyf,34.0,word,1693733837.547215,881.5467482359121,282.3672405112563,2.23606797749979,12.0,0.0
0903-6-hyf,34.0,word,1693733837.5798068,879.6362411273851,281.23525502334985,2.23606797749979,12.0,0.0
0903-6-hyf,34.0,word,1693733837.612049,876.7789777041501,280.07710938103423,3.1622776601683795,12.0,0.0
0903-6-hyf,34.0,word,1693733837.628607,873.9401840261044,279.9992210581099,3.0,12.0,0.0
0903-6-hyf,34.0,word,1693733837.6597602,865.4282913258942,279.7656792362936,9.0,12.0,0.0
0903-6-hyf,34.0,word,1693733837.6911943,817.3494698182918,279.52316313796206,51.0098029794274,12.0,0.0
0903-6-hyf,34.0,word,1693733837.7231069,750.7847232857761,278.7663999359758,71.00704190430693,12.0,0.0
0903-6-hyf,34.0,word,1693733837.7556496,700.55710807869,280.59223712756693,54.08326913195984,12.0,0.0
0903-6-hyf,34.0,word,1693733837.7878785,665.3779561410871,281.7521488546512,38.05259518088089,12.0,0.0
0903-6-hyf,34.0,word,1693733837.8199131,642.2918384837737,282.17589843000536,25.019992006393608,12.0,0.0
0903-6-hyf,34.0,word,1693733837.8513546,626.58509765229,281.7386596684017,17.0,12.0,0.0
0903-6-hyf,34.0,word,1693733837.883723,616.4966515752873,282.52142009649384,11.04536101718726,12.0,0.0
0903-6-hyf,34.0,word,1693733837.8996606,607.1506303207805,280.13414859235024,10.198039027185567,12.0,0.0
0903-6-hyf,34.0,word,1693733837.9316697,612.4931283858815,277.0890808312984,6.708203932499369,12.0,0.0
0903-6-hyf,34.0,word,1693733837.9637747,622.6472729372588,277.369716249798,11.0,12.0,0.0
0903-6-hyf,34.0,word,1693733837.9957747,628.2504558421299,278.5902407608705,6.082762530298219,12.0,0.0
0903-6-hyf,34.0,word,1693733838.0270698,631.0224281390894,278.66698997128805,3.0,12.0,0.0
0903-6-hyf,34.0,word,1693733838.0595212,632.8708107416746,278.7181672162604,2.0,12.0,0.0
0903-6-hyf,34.0,word,1693733838.091694,583.3049113559345,351.9153979060977,92.31467922275417,12.0,0.0
0903-6-hyf,34.0,word,1693733838.1397748,647.4152332198202,781.4338714112804,444.0867032461116,12.0,0.0
0903-6-hyf,34.0,word,1693733838.171044,683.4620610486774,533.1180529721156,272.03860020225073,12.0,0.0
0903-6-hyf,34.0,word,1693733838.2039297,684.9132457764971,508.51756414158234,25.179356624028344,12.0,0.0
0903-6-hyf,34.0,word,1693733838.2359288,689.1210721736466,447.62733514719565,61.5223536610881,12.0,0.0
0903-6-hyf,34.0,word,1693733838.2679284,691.8355757984702,390.5500846512559,56.32051136131489,12.0,0.0
0903-6-hyf,34.0,word,1693733838.29993,694.463501675678,349.1194066118494,40.311288741492746,12.0,0.0
0903-6-hyf,34.0,word,1693733838.3310812,695.9605841421887,321.87034333715565,26.1725046566048,12.0,0.0
0903-6-hyf,34.0,word,1693733838.3634152,765.6756044001645,303.7681280651919,78.33900688673555,12.0,0.0
0903-6-hyf,34.0,word,1693733838.3950438,901.6082998880466,295.8561576589722,145.41664278891878,12.0,0.0
0903-6-hyf,34.0,word,1693733838.4279516,1014.8510828913998,290.37891908222394,119.26860441876563,12.0,0.0
0903-6-hyf,34.0,word,1693733838.4441226,1083.1578972366497,285.73955257077534,71.25307010929424,12.0,0.0
0903-6-hyf,34.0,word,1693733838.4752724,1121.9089531821658,282.4313897465413,40.19950248448356,12.0,0.0
0903-6-hyf,34.0,word,1693733838.5077643,1143.2135977568296,284.1061372396285,22.02271554554524,12.0,0.0
0903-6-hyf,34.0,word,1693733838.5392284,1192.7454007092238,287.6504911518382,51.03920062069938,12.0,0.0
0903-6-hyf,34.0,word,1693733838.5718064,1234.508607060803,294.2800488432189,43.28972164382672,12.0,0.0
0903-6-hyf,34.0,word,1693733838.6033263,1258.824990659354,298.24264440781417,25.179356624028344,12.0,0.0
0903-6-hyf,34.0,word,1693733838.6352172,1275.430194824413,299.8009827056245,17.029386365926403,12.0,0.0
0903-6-hyf,34.0,word,1693733838.6676202,1286.219729675109,300.10133800574783,11.0,12.0,0.0
0903-6-hyf,34.0,word,1693733838.6996195,1293.0365423083833,301.3885200424529,7.071067811865476,12.0,0.0
0903-6-hyf,34.0,word,1693733838.7157052,1300.8374939305434,302.703496966209,8.06225774829855,12.0,0.0
0903-6-hyf,34.0,word,1693733838.747615,1338.1662094070434,304.84528259302493,38.01315561749642,12.0,0.0
0903-6-hyf,34.0,word,1693733838.7797518,1376.5280292582872,308.11944418661244,39.05124837953327,12.0,0.0
0903-6-hyf,34.0,word,1693733838.8110795,1405.1594555132983,310.02473704782335,29.017236257093817,12.0,0.0
0903-6-hyf,34.0,word,1693733838.8433163,1422.9335267384472,311.6264664863666,18.027756377319943,12.0,0.0
0903-6-hyf,34.0,word,1693733838.8755386,1434.7686737769534,313.0618890249535,12.041594578792296,12.0,0.0
0903-6-hyf,34.0,word,1693733838.9078114,1443.711983519175,313.3144218849359,9.0,12.0,0.0
0903-6-hyf,34.0,word,1693733838.9392629,1448.7663001249337,312.35462011025396,5.0990195135927845,12.0,0.0
0903-6-hyf,34.0,word,1693733838.97172,1446.8593697571832,311.19806082808384,2.23606797749979,12.0,0.0
0903-6-hyf,34.0,word,1693733838.9877446,1443.9574191986403,310.0133616064791,3.1622776601683795,12.0,0.0
0903-6-hyf,34.0,word,1693733839.0191672,1442.0498225965498,308.85644843068707,2.23606797749979,12.0,0.0
0903-6-hyf,34.0,word,1693733839.0515766,1441.1365825922148,307.7271723638472,1.4142135623730951,12.0,0.0
0903-6-hyf,34.0,word,1693733839.0832672,1440.1418932162546,307.6993334326183,1.0,12.0,0.0
0903-6-hyf,34.0,word,1693733839.115562,1439.228321226439,306.5698058271772,1.4142135623730951,12.0,0.0
0903-6-hyf,34.0,word,1693733839.1473477,1438.2336309706684,306.5420165594566,1.0,12.0,0.0
0903-6-hyf,34.0,word,1693733839.2598302,1052.446960369211,599.216058384911,489.2003679475313,12.0,0.0
0903-6-hyf,34.0,word,1693733839.2914183,1081.0936834499653,470.8061366662961,132.21951444472938,12.0,0.0
0903-6-hyf,34.0,word,1693733839.3237226,897.6667517833571,421.15272791445466,201.42740627829173,12.0,0.0
0903-6-hyf,34.0,word,1693733839.356676,768.3493585579183,380.6250929200506,143.33875958721003,12.0,0.0
0903-6-hyf,34.0,word,1693733839.3876472,696.8822541087744,361.71046607357243,78.64477096412705,12.0,0.0
0903-6-hyf,34.0,word,1693733839.4196212,660.7773774764564,353.29092457441527,39.6232255123179,12.0,0.0
0903-6-hyf,34.0,word,1693733839.4521103,643.2241616423904,349.6202681862329,19.235384061671343,12.0,0.0
0903-6-hyf,34.0,word,1693733839.483218,634.9379622000564,348.321769378836,9.055385138137416,12.0,0.0
0903-6-hyf,34.0,word,1693733839.5156283,629.3959649552961,347.1085314094923,6.082762530298219,12.0,0.0
0903-6-hyf,34.0,word,1693733839.5318215,586.7407784124787,348.90804843692337,47.09564735726647,12.0,0.0
0903-6-hyf,34.0,word,1693733839.5640087,544.1525724459926,348.62209001929017,47.01063709417264,12.0,0.0
0903-6-hyf,34.0,word,1693733839.5951765,517.1717035031648,349.852190446063,30.066592756745816,12.0,0.0
0903-6-hyf,34.0,word,1693733839.6279874,501.08953034529355,351.41667919717537,18.110770276274835,12.0,0.0
0903-6-hyf,34.0,word,1693733839.65918,490.4427000169503,353.1472425544572,12.16552506059644,12.0,0.0
0903-6-hyf,34.0,word,1693733839.6916437,484.2264642842032,353.98314258409255,7.071067811865476,12.0,0.0
0903-6-hyf,34.0,word,1693733839.7239227,479.8138680585938,354.87488041009857,5.0990195135927845,12.0,0.0
0903-6-hyf,34.0,word,1693733839.7552204,475.4046249896597,355.76594059951816,5.0990195135927845,12.0,0.0
0903-6-hyf,34.0,word,1693733839.7714229,492.3253760300725,354.23778635000355,19.1049731745428,12.0,0.0
0903-6-hyf,34.0,word,1693733839.8038068,507.5606825908542,353.6846267821096,17.029386365926403,12.0,0.0
0903-6-hyf,34.0,word,1693733839.8359072,548.6821781431946,348.7629609644903,46.389654018972806,12.0,0.0
0903-6-hyf,34.0,word,1693733839.8674085,596.3600002552363,342.9651940060168,53.46026561849464,12.0,0.0
0903-6-hyf,34.0,word,1693733839.899518,637.1555523009614,338.99883552177005,45.27692569068709,12.0,0.0
0903-6-hyf,34.0,word,1693733839.9313004,668.224306465474,337.8527996128673,34.058772731852805,12.0,0.0
0903-6-hyf,34.0,word,1693733839.9634504,691.1144118043278,336.45127539760813,25.079872407968907,12.0,0.0
0903-6-hyf,34.0,word,1693733839.9956582,704.7948315110046,333.7147196635478,15.297058540778355,12.0,0.0
0903-6-hyf,34.0,word,1693733840.027656,714.9018424242856,332.96798134938,11.04536101718726,12.0,0.0
0903-6-hyf,34.0,word,1693733840.043614,720.4445441380867,333.1349235098764,6.0,12.0,0.0
0903-6-hyf,34.0,word,1693733840.0757427,721.4129642422395,334.21606337882446,1.4142135623730951,12.0,0.0
0903-6-hyf,34.0,word,1693733840.1071472,703.9669182076638,335.7908837164332,19.1049731745428,12.0,0.0
0903-6-hyf,34.0,word,1693733840.139103,691.1144118043278,336.45127539760813,14.0356688476182,12.0,0.0
0903-6-hyf,34.0,word,1693733840.1715186,659.9058076325856,336.55265791543235,34.0147027033899,12.0,0.0
0903-6-hyf,34.0,word,1693733840.2037027,622.5164003078381,338.5521599536891,41.10960958218893,12.0,0.0
0903-6-hyf,34.0,word,1693733840.2361114,591.6068360197572,339.69409564158934,34.058772731852805,12.0,0.0
0903-6-hyf,34.0,word,1693733840.2671266,567.0988149087295,339.98468358665264,27.018512172212592,12.0,0.0
0903-6-hyf,34.0,word,1693733840.29925,549.0054700167511,340.4694962133288,20.024984394500787,12.0,0.0
0903-6-hyf,34.0,word,1693733840.3156507,535.4785572977792,341.09263038369306,15.033296378372908,12.0,0.0
0903-6-hyf,34.0,word,1693733840.3477502,526.4216715899067,340.81406282871643,10.0,12.0,0.0
0903-6-hyf,34.0,word,1693733840.379725,521.8961305632386,340.6748683043062,5.0,12.0,0.0
0903-6-hyf,34.0,word,1693733840.412032,516.5463234837134,341.5475631354456,6.082762530298219,12.0,0.0
0903-6-hyf,34.0,word,1693733840.4440298,512.9297316111727,341.4361485156038,4.0,12.0,0.0
0903-6-hyf,34.0,word,1693733840.4755604,532.7606786570426,341.0090351135204,22.02271554554524,12.0,0.0
0903-6-hyf,34.0,word,1693733840.507633,617.8225847659195,336.31987078209687,94.26027795418386,12.0,0.0
0903-6-hyf,34.0,word,1693733840.5396323,736.8811345076044,328.3608723448762,130.4645545732633,12.0,0.0
0903-6-hyf,34.0,word,1693733840.571128,828.7638569265281,322.6199060481207,99.32270636667126,12.0,0.0
0903-6-hyf,34.0,word,1693733840.5871298,887.8141345082103,321.16362274987455,63.07138812488592,12.0,0.0
0903-6-hyf,34.0,word,1693733840.619461,918.8948450367144,319.9389775689909,33.06055050963308,12.0,0.0
0903-6-hyf,34.0,word,1693733840.6517124,935.879668764906,317.22580950214615,18.24828759089466,12.0,0.0
0903-6-hyf,34.0,word,1693733840.6831014,946.292456763013,317.5286359366627,11.0,12.0,0.0
0903-6-hyf,34.0,word,1693733840.715557,951.9660110840746,315.5504243003742,6.324555320336759,12.0,0.0
0903-6-hyf,34.0,word,1693733840.7480018,954.81008146383,315.6328539958969,3.0,12.0,0.0
0903-6-hyf,34.0,word,1693733840.7793307,957.6549004650843,315.71530538871735,3.0,12.0,0.0
0903-6-hyf,34.0,word,1693733840.8118114,959.5596272222236,317.9144739972297,2.8284271247461903,12.0,0.0
0903-6-hyf,34.0,word,1693733840.8438742,960.5116224773197,319.0136332717099,1.4142135623730951,12.0,0.0
0903-6-hyf,34.0,word,1693733840.859873,961.4633724432337,320.11250933902267,1.4142135623730951,12.0,0.0
0903-6-hyf,34.0,word,1693733840.891951,951.0395633153005,319.80832942151085,11.0,12.0,0.0
0903-6-hyf,34.0,word,1693733840.9231117,935.9114960559386,321.505532407361,16.1245154965971,12.0,0.0
0903-6-hyf,34.0,word,1693733840.9554794,906.6793412457962,323.85048661862106,31.144823004794876,12.0,0.0
0903-6-hyf,34.0,word,1693733840.9875128,875.7141829528081,328.2590097542817,33.37663853655727,12.0,0.0
0903-6-hyf,34.0,word,1693733841.0196989,847.6976991741196,332.7313085036623,30.4138126514911,12.0,0.0
0903-6-hyf,34.0,word,1693733841.0510778,826.3047297018771,336.3233556141281,23.345235059857504,12.0,0.0
0903-6-hyf,34.0,word,1693733841.083389,811.4714200998843,339.0447033159299,16.278820596099706,12.0,0.0
0903-6-hyf,34.0,word,1693733841.1155658,799.4008828124192,339.7340848012308,13.038404810405298,12.0,0.0
0903-6-hyf,34.0,word,1693733841.1315997,779.8840442051992,339.1424129080358,21.0,12.0,0.0
0903-6-hyf,34.0,word,1693733841.163615,762.3313927376927,340.71499282496427,19.1049731745428,12.0,0.0
0903-6-hyf,34.0,word,1693733841.1960151,748.5195723604702,342.39681833848135,15.132745950421556,12.0,0.0
0903-6-hyf,34.0,word,1693733841.22793,738.3889118394118,343.13761887028693,11.04536101718726,12.0,0.0
0903-6-hyf,34.0,word,1693733841.2590935,732.0068912170603,345.04068836914036,7.280109889280518,12.0,0.0
0903-6-hyf,34.0,word,1693733841.2914696,727.3915212780956,344.89918327729316,5.0,12.0,0.0
0903-6-hyf,34.0,word,1693733841.323353,726.5988937141738,348.01855242144325,3.1622776601683795,12.0,0.0
0903-6-hyf,34.0,word,1693733841.4031205,957.9732688741944,839.0063433555326,553.6533211315543,12.0,0.0
0903-6-hyf,34.0,word,1693733841.4353983,1046.9013287634791,844.6387245689746,102.00490184299969,12.0,0.0
0903-6-hyf,34.0,word,1693733841.4677997,1006.1367497641197,551.8528803285933,310.72978614867293,12.0,0.0
0903-6-hyf,34.0,word,1693733841.4990563,1072.6120091032897,474.6032584769959,106.21675950620975,12.0,0.0
0903-6-hyf,34.0,word,1693733841.5313342,1139.9745091744253,409.47732023558183,95.524865872714,12.0,0.0
0903-6-hyf,34.0,word,1693733841.5635135,1186.8018453296804,378.2028387944867,57.14017850864661,12.0,0.0
0903-6-hyf,34.0,word,1693733841.595861,1215.2423611348283,364.143053761316,32.202484376209235,12.0,0.0
0903-6-hyf,34.0,word,1693733841.6285093,1232.9276979516815,357.1772697459889,19.313207915827967,12.0,0.0
0903-6-hyf,34.0,word,1693733841.6595123,1241.7744779595823,354.22115900178153,9.486832980505138,12.0,0.0
0903-6-hyf,34.0,word,1693733841.675619,1247.6813868385495,352.247392638588,6.324555320336759,12.0,0.0
0903-6-hyf,34.0,word,1693733841.7079978,1251.5606939933912,352.3648069368798,4.0,12.0,0.0
0903-6-hyf,34.0,word,1693733841.739285,1239.137149702609,347.6797544814722,13.601470508735444,12.0,0.0
0903-6-hyf,34.0,word,1693733841.7717268,1228.5630329040969,345.2060877310373,11.180339887498947,12.0,0.0
0903-6-hyf,34.0,word,1693733841.8038409,1220.855680113396,343.89705727285235,8.06225774829855,12.0,0.0
0903-6-hyf,34.0,word,1693733841.8357506,1216.9825689226902,343.7811648393,4.0,12.0,0.0
0903-6-hyf,34.0,word,1693733841.8677552,1215.087137774198,342.6463327596601,2.23606797749979,12.0,0.0
0903-6-hyf,34.0,word,1693733841.8997266,1212.1832066314635,342.55958354885263,3.0,12.0,0.0
0903-6-hyf,34.0,word,1693733841.9317262,1210.287452928507,341.42470002651373,2.23606797749979,12.0,0.0
0903-6-hyf,34.0,word,1693733841.9477935,1209.319648088833,341.39583648089433,1.0,12.0,0.0
0903-6-hyf,34.0,word,1693733841.9799857,1210.2476808192444,342.50176353575495,1.4142135623730951,12.0,0.0
0903-6-hyf,34.0,word,1693733842.0113664,1214.159529001589,341.54017975940553,4.123105625617661,12.0,0.0
0903-6-hyf,34.0,word,1693733842.0436988,1219.001552553669,341.6845869394031,5.0,12.0,0.0
0903-6-hyf,34.0,word,1693733842.0751565,1222.9187195364912,340.7221649209866,4.123105625617661,12.0,0.0
0903-6-hyf,34.0,word,1693733842.1074812,1227.7654580534925,340.8664736879911,5.0,12.0,0.0
0903-6-hyf,34.0,word,1693733842.139753,1232.6143439510095,341.0108463919778,5.0,12.0,0.0
0903-6-hyf,34.0,word,1693733842.171111,1237.4653786564768,341.1552830754478,5.0,12.0,0.0
0903-6-hyf,34.0,word,1693733842.1872716,1223.8457201682243,341.82905806333093,14.0356688476182,12.0,0.0
0903-6-hyf,34.0,word,1693733842.219276,1065.7343251569287,361.6563642758677,165.60495161679194,12.0,0.0
0903-6-hyf,34.0,word,1693733842.2513742,853.5223148460394,387.54175297128666,228.11619846034608,12.0,0.0
0903-6-hyf,34.0,word,1693733842.283714,723.3937486877176,402.92006650664723,143.26548781894402,12.0,0.0
0903-6-hyf,34.0,word,1693733842.315891,657.5519492191173,412.9997569585656,73.97972695272672,12.0,0.0
0903-6-hyf,34.0,word,1693733842.3478608,625.274575233172,416.9968857076032,36.345563690772494,12.0,0.0
0903-6-hyf,34.0,word,1693733842.3790429,598.1624063967239,415.05318981772615,30.01666203960727,12.0,0.0
0903-6-hyf,34.0,word,1693733842.411924,580.9977948367739,413.4509346939393,19.026297590440446,12.0,0.0
0903-6-hyf,34.0,word,1693733842.44392,570.2802247817665,414.10112707571994,12.041594578792296,12.0,0.0
0903-6-hyf,34.0,word,1693733842.475911,564.8226238207124,412.8993923867737,6.082762530298219,12.0,0.0
0903-6-hyf,34.0,word,1693733842.4918106,560.3338916757891,412.74633523015984,5.0,12.0,0.0
0903-6-hyf,34.0,word,1693733842.5232513,558.538930366617,412.68513049230876,2.0,12.0,0.0
0903-6-hyf,34.0,word,1693733842.5555935,556.8150867430525,413.64134754986856,2.23606797749979,12.0,0.0
0903-6-hyf,34.0,word,1693733842.5879462,578.2329056812356,412.34029061969073,24.08318915758459,12.0,0.0
0903-6-hyf,34.0,word,1693733842.6193762,640.9664470311163,407.3310904424398,70.34912934784623,12.0,0.0
0903-6-hyf,34.0,word,1693733842.6515424,731.451767147274,399.0711819456016,100.60318086422517,12.0,0.0
0903-6-hyf,34.0,word,1693733842.6836064,807.4644082124734,394.34832573375263,83.2946576918352,12.0,0.0
0903-6-hyf,34.0,word,1693733842.7160616,855.4427588937936,390.726852637109,52.23983154643591,12.0,0.0
0903-6-hyf,34.0,word,1693733842.7314155,888.8082415777391,386.60035064268635,36.345563690772494,12.0,0.0
0903-6-hyf,34.0,word,1693733842.7637153,910.2116662336952,384.1570108386924,23.194827009486403,12.0,0.0
0903-6-hyf,34.0,word,1693733842.795935,921.4204771646569,384.518154669775,12.0,12.0,0.0
0903-6-hyf,34.0,word,1693733842.8278642,927.9827700392308,386.82237759166566,7.280109889280518,12.0,0.0
0903-6-hyf,34.0,word,1693733842.8590546,907.5001907531912,391.38120778261305,22.56102834535696,12.0,0.0
0903-6-hyf,34.0,word,1693733842.8914993,894.5015067297984,394.08427918945284,14.317821063276352,12.0,0.0
0903-6-hyf,34.0,word,1693733842.9237683,887.9890535500949,393.8712980379636,7.0,12.0,0.0
0903-6-hyf,34.0,word,1693733842.955768,883.3564783678127,394.7606428159447,5.0990195135927845,12.0,0.0
0903-6-hyf,34.0,word,1693733842.9876602,876.8697292568727,395.588367355361,7.071067811865476,12.0,0.0
0903-6-hyf,34.0,word,1693733843.0038428,866.6970094455029,397.33300935612,11.180339887498947,12.0,0.0
0903-6-hyf,34.0,word,1693733843.0350866,856.5408244786267,399.074815597641,11.180339887498947,12.0,0.0
0903-6-hyf,34.0,word,1693733843.0673456,848.2290619828196,399.8376076407755,9.055385138137416,12.0,0.0
0903-6-hyf,34.0,word,1693733843.0993416,862.1210431328051,400.29661979314136,15.0,12.0,0.0
0903-6-hyf,34.0,word,1693733843.1317115,879.7259730670247,399.8397702654528,19.026297590440446,12.0,0.0
0903-6-hyf,34.0,word,1693733843.1634066,910.406984603701,400.85203822218745,33.0,12.0,0.0
0903-6-hyf,34.0,word,1693733843.1956403,943.9770149539903,401.9596244564152,36.0,12.0,0.0
0903-6-hyf,34.0,word,1693733843.2277615,972.96838040722,402.9161454053809,31.0,12.0,0.0
0903-6-hyf,34.0,word,1693733843.259059,995.4668011778532,403.65844265317605,24.0,12.0,0.0
0903-6-hyf,34.0,word,1693733843.2753432,1044.352958831323,407.36396266393524,52.03844732503075,12.0,0.0
0903-6-hyf,34.0,word,1693733843.3076737,1125.5738143245728,415.2963633582506,86.14522621712709,12.0,0.0
0903-6-hyf,34.0,word,1693733843.3398805,1192.1055908211158,419.61572665876787,70.02856560004639,12.0,0.0
0903-6-hyf,34.0,word,1693733843.3715374,1236.0370813191844,422.1366979885062,46.01086828130936,12.0,0.0
0903-6-hyf,34.0,word,1693733843.4037194,1262.8867000893576,423.0354810739338,28.0,12.0,0.0
0903-6-hyf,34.0,word,1693733843.435161,1279.2717042385007,422.52939689313195,17.029386365926403,12.0,0.0
0903-6-hyf,34.0,word,1693733843.4672673,1288.9458256840464,421.79737852605103,10.04987562112089,12.0,0.0
0903-6-hyf,34.0,word,1693733843.4992564,1293.814257958941,420.903894318266,5.0990195135927845,12.0,0.0
0903-6-hyf,34.0,word,1693733843.5310404,1297.6681083750486,421.0323449158557,4.0,12.0,0.0
0903-6-hyf,34.0,word,1693733843.5480244,1299.5955410036188,421.09658712720864,2.0,12.0,0.0
0903-6-hyf,34.0,word,1693733843.579175,1315.9346356735252,422.6982260481918,17.029386365926403,12.0,0.0
0903-6-hyf,34.0,word,1693733843.611421,1351.5723612830175,426.0042074786964,37.05401462729781,12.0,0.0
0903-6-hyf,34.0,word,1693733843.6435544,1386.3308320245258,429.28608154257097,36.05551275463989,12.0,0.0
0903-6-hyf,34.0,word,1693733843.6759362,1412.4935719940618,431.2242731784723,27.018512172212592,12.0,0.0
0903-6-hyf,34.0,word,1693733843.7078514,1431.9655760195426,431.87889871443184,20.0,12.0,0.0
0903-6-hyf,34.0,word,1693733843.7393172,1444.7212286841404,431.24629324320557,13.038404810405298,12.0,0.0
0903-6-hyf,34.0,word,1693733843.9159324,1185.7793915000523,408.8838253735881,269.3139431964116,12.0,0.0
0903-6-hyf,34.0,word,1693733843.9478428,1025.2422141610027,446.18691328336,173.90227140552247,12.0,0.0
0903-6-hyf,34.0,word,1693733843.9798474,782.7283408996888,453.9981016960143,263.486242525108,12.0,0.0
0903-6-hyf,34.0,word,1693733844.0112371,627.2162385112176,465.52485999425977,173.83325343558406,12.0,0.0
0903-6-hyf,34.0,word,1693733844.0433683,553.0285346985471,473.7765084074897,84.71717653463199,12.0,0.0
0903-6-hyf,34.0,word,1693733844.075707,551.3241785700556,474.7074979294965,2.23606797749979,12.0,0.0
0903-6-hyf,34.0,word,1693733844.0918095,560.1328298298392,474.0392732812332,10.04987562112089,12.0,0.0
0903-6-hyf,34.0,word,1693733844.1231132,563.6177730157721,473.1732313003278,4.123105625617661,12.0,0.0
0903-6-hyf,34.0,word,1693733844.1553147,567.1050338521138,472.30661336095085,4.123105625617661,12.0,0.0
0903-6-hyf,34.0,word,1693733844.1872346,567.9942882381758,472.33942061509015,1.0,12.0,0.0
0903-6-hyf,34.0,word,1693733844.219389,568.0625812470913,473.3374220028678,1.0,12.0,0.0
0903-6-hyf,34.0,word,1693733844.2518046,544.2269720514414,474.44466265235894,27.073972741361768,12.0,0.0
0903-6-hyf,34.0,word,1693733844.2831943,515.9622357673521,474.3899544602187,32.01562118716424,12.0,0.0
0903-6-hyf,34.0,word,1693733844.315291,495.8016461734162,475.6235771341404,23.08679276123039,12.0,0.0
0903-6-hyf,34.0,word,1693733844.3474302,480.81210281273604,475.0663541255983,17.0,12.0,0.0
0903-6-hyf,34.0,word,1693733844.363728,471.12429982919645,474.70621862348474,11.0,12.0,0.0
0903-6-hyf,34.0,word,1693733844.395054,463.03429461312487,472.42736152486293,9.219544457292889,12.0,0.0
0903-6-hyf,34.0,word,1693733844.427239,457.5840248824285,470.2463250313969,6.324555320336759,12.0,0.0
0903-6-hyf,34.0,word,1693733844.459562,453.18609445883277,470.0836598251895,5.0,12.0,0.0
0903-6-hyf,34.0,word,1693733844.4916632,458.54971594845006,471.2717233708048,6.082762530298219,12.0,0.0
0903-6-hyf,34.0,word,1693733844.5236845,468.14653681638083,470.63699814722986,11.04536101718726,12.0,0.0
0903-6-hyf,34.0,word,1693733844.5558608,476.9567046741752,470.9628577296416,10.0,12.0,0.0
0903-6-hyf,34.0,word,1693733844.5873125,495.40201461175536,470.6533490661,21.02379604162864,12.0,0.0
0903-6-hyf,34.0,word,1693733844.6197765,514.7705665906873,470.3758383267145,22.02271554554524,12.0,0.0
0903-6-hyf,34.0,word,1693733844.63549,533.7361216351239,523.2941393089972,55.65968020030299,12.0,0.0
0903-6-hyf,34.0,word,1693733844.7638383,648.1710519038697,765.242775077092,276.5863337187866,12.0,0.0
0903-6-hyf,34.0,word,1693733844.7958395,712.5163597372906,718.1652069698757,95.44108130150244,12.0,0.0
0903-6-hyf,34.0,word,1693733844.8277247,769.175056535,632.545641542813,116.60617479361888,12.0,0.0
0903-6-hyf,34.0,word,1693733844.8593376,819.3381219237579,559.174606590694,97.8008179924892,12.0,0.0
0903-6-hyf,34.0,word,1693733844.891076,850.7648668444541,515.881879280112,57.62811813689564,12.0,0.0
0903-6-hyf,34.0,word,1693733844.907973,870.3155043300959,492.56764607739075,32.55764119219941,12.0,0.0
0903-6-hyf,34.0,word,1693733844.939174,881.096526000913,481.8693567993329,16.278820596099706,12.0,0.0
0903-6-hyf,34.0,word,1693733844.9715483,886.4660247276681,473.96594186246875,10.0,12.0,0.0
0903-6-hyf,34.0,word,1693733845.003718,926.0097024450844,476.42192926612364,43.01162633521314,12.0,0.0
0903-6-hyf,34.0,word,1693733845.035726,999.9307032944057,481.15513356614395,80.02499609497022,12.0,0.0
0903-6-hyf,34.0,word,1693733845.0679295,1063.11916068978,485.50743011453045,68.0294054067798,12.0,0.0
0903-6-hyf,34.0,word,1693733845.0990744,1102.3559613496952,485.92318467899355,42.01190307520001,12.0,0.0
0903-6-hyf,34.0,word,1693733845.131541,1128.6083205995449,485.86013995640366,28.0178514522438,12.0,0.0
0903-6-hyf,34.0,word,1693733845.163653,1144.538188003188,487.46753080099717,17.029386365926403,12.0,0.0
0903-6-hyf,34.0,word,1693733845.1796825,1153.8759085682648,489.8590922099912,10.198039027185567,12.0,0.0
0903-6-hyf,34.0,word,1693733845.211802,1160.425435571434,491.12413213885367,7.071067811865476,12.0,0.0
0903-6-hyf,34.0,word,1693733845.2439103,1164.1555545166786,492.2856904275487,4.123105625617661,12.0,0.0
0903-6-hyf,34.0,word,1693733845.2753808,1167.0394772523061,490.3422644174529,3.605551275463989,12.0,0.0
0903-6-hyf,34.0,word,1693733845.3072653,1168.9212840483851,490.41133662465614,2.0,12.0,0.0
0903-6-hyf,34.0,word,1693733845.3397596,1178.30185432255,491.78113014672664,10.04987562112089,12.0,0.0
0903-6-hyf,34.0,word,1693733845.3711274,1212.2142659824176,494.05421049558606,36.013886210738214,12.0,0.0
0903-6-hyf,34.0,word,1693733845.4033022,1250.0100846702737,496.47321696233337,40.01249804748511,12.0,0.0
0903-6-hyf,34.0,word,1693733845.43562,1281.2715637628432,498.65435278382125,33.015148038438355,12.0,0.0
0903-6-hyf,34.0,word,1693733845.4517822,1303.1446305212141,499.4613156407906,23.0,12.0,0.0
0903-6-hyf,34.0,word,1693733845.48408,1318.3864150727873,500.0236306624069,16.0,12.0,0.0
0903-6-hyf,34.0,word,1693733845.5154233,1328.9960017589929,498.3516799241692,11.180339887498947,12.0,0.0
0903-6-hyf,34.0,word,1693733845.5480185,1336.7560868111186,496.57175665103347,8.246211251235321,12.0,0.0
0903-6-hyf,34.0,word,1693733845.5795205,1349.247581735825,495.99640800186984,13.038404810405298,12.0,0.0
0903-6-hyf,34.0,word,1693733845.6118374,1379.7700577729274,499.1855331291963,32.0624390837628,12.0,0.0
0903-6-hyf,34.0,word,1693733845.6436875,1409.4686189589918,501.3130043980296,31.016124838541646,12.0,0.0
0903-6-hyf,34.0,word,1693733845.675691,1430.642204664747,502.0921745024889,22.0,12.0,0.0
0903-6-hyf,34.0,word,1693733845.691727,1446.951556593103,503.7297385725547,17.029386365926403,12.0,0.0
0903-6-hyf,34.0,word,1693733845.7237487,1457.4857312540596,505.15542049453717,11.04536101718726,12.0,0.0
0903-6-hyf,34.0,word,1693733845.7551744,1466.1775370933303,505.4760872098982,9.0,12.0,0.0
0903-6-hyf,34.0,word,1693733845.7873695,1460.3822410327675,505.26228140398746,6.0,12.0,0.0
0903-6-hyf,34.0,word,1693733845.8196692,1450.8912884441993,502.83732371542305,10.198039027185567,12.0,0.0
0903-6-hyf,34.0,word,1693733845.8513286,1445.2612582937015,500.5544671518571,6.324555320336759,12.0,0.0
0903-6-hyf,34.0,word,1693733845.8833456,1442.3667597319468,500.44822383037285,3.0,12.0,0.0
0903-6-hyf,34.0,word,1693733845.9156754,1438.5086072237596,500.3066093404995,4.0,12.0,0.0
0903-6-hyf,34.0,word,1693733845.9477046,1433.7654254067172,499.0946874042048,5.0990195135927845,12.0,0.0
0903-6-hyf,34.0,word,1693733845.963704,1429.0226831436526,497.88287777756403,5.0990195135927845,12.0,0.0
0903-6-hyf,34.0,word,1693733845.9959924,1424.2803803734673,496.67118044496584,5.0990195135927845,12.0,0.0
0903-6-hyf,34.0,word,1693733846.0273569,1419.5385170350758,495.4595953908025,5.0990195135927845,12.0,0.0
0903-6-hyf,34.0,word,1693733846.059829,1414.7227507560283,495.2837367271968,5.0,12.0,0.0
0903-6-hyf,34.0,word,1693733846.0911212,1407.0948863260403,493.96722127284056,8.06225774829855,12.0,0.0
0903-6-hyf,34.0,word,1693733846.1233227,1398.4363256432625,493.6514414886624,9.0,12.0,0.0
0903-6-hyf,34.0,word,1693733846.1560285,1390.7455293958674,493.3709563054852,8.0,12.0,0.0
0903-6-hyf,34.0,word,1693733846.187231,1384.9809505893568,493.1607207342293,6.0,12.0,0.0
0903-6-hyf,34.0,word,1693733846.2192366,1379.2193849090982,492.9505950524103,6.0,12.0,0.0
0903-6-hyf,34.0,word,1693733846.2518663,1375.380013914861,492.81057227167827,4.0,12.0,0.0
0903-6-hyf,34.0,word,1693733846.2677672,1382.0311675758605,494.0899291800504,7.071067811865476,12.0,0.0
0903-6-hyf,34.0,word,1693733846.299422,1385.8722096965944,494.2301935731013,4.0,12.0,0.0
0903-6-hyf,34.0,word,1693733846.331723,1347.6558791570626,553.2986285985635,69.1158447825099,12.0,0.0
0903-6-hyf,34.0,word,1693733846.4593966,843.7785517782335,754.0546462944992,596.540861970075,12.0,0.0
0903-6-hyf,34.0,word,1693733846.4915483,749.7791114072232,719.9592289253413,111.68258592994702,12.0,0.0
0903-6-hyf,34.0,word,1693733846.5075216,690.3431086747574,653.6920641490211,94.06912352095134,12.0,0.0
0903-6-hyf,34.0,word,1693733846.539992,650.1561339755361,603.4823931480298,66.70832032063167,12.0,0.0
0903-6-hyf,34.0,word,1693733846.5715594,624.125932141577,577.410574087724,38.2099463490856,12.0,0.0
0903-6-hyf,34.0,word,1693733846.6037202,608.2307071735645,561.2949739662281,23.345235059857504,12.0,0.0
0903-6-hyf,34.0,word,1693733846.6350963,598.8155393870106,551.2138528661062,14.142135623730953,12.0,0.0
0903-6-hyf,34.0,word,1693733846.6673098,592.2748831534072,545.1179346330148,9.219544457292889,12.0,0.0
0903-6-hyf,34.0,word,1693733846.699309,588.6250491714062,543.0251208764595,4.47213595499958,12.0,0.0
0903-6-hyf,34.0,word,1693733846.7315753,585.0388353931177,541.9077848044407,4.123105625617661,12.0,0.0
0903-6-hyf,34.0,word,1693733846.7638483,583.2782701503704,541.837119453708,2.0,12.0,0.0
0903-6-hyf,34.0,word,1693733846.7798448,582.3328812008327,540.8257451405714,1.4142135623730951,12.0,0.0
0903-6-hyf,34.0,word,1693733846.8119874,580.4414125208533,538.8022575189219,2.8284271247461903,12.0,0.0
0903-6-hyf,34.0,word,1693733846.8435457,567.2434131137401,538.2743327931437,15.0,12.0,0.0
0903-6-hyf,34.0,word,1693733846.8755534,552.305493527164,537.6768106340509,17.0,12.0,0.0
0903-6-hyf,34.0,word,1693733846.9075472,537.4610022679826,538.0550441242171,17.029386365926403,12.0,0.0
0903-6-hyf,34.0,word,1693733846.939545,527.0197906998792,538.608129782732,12.041594578792296,12.0,0.0
0903-6-hyf,34.0,word,1693733846.9712594,518.266414242026,538.2571889495571,10.0,12.0,0.0
0903-6-hyf,34.0,word,1693733847.0036483,512.2197677338615,538.9849820413135,7.071067811865476,12.0,0.0
0903-6-hyf,34.0,word,1693733847.0357056,508.7999667495728,539.8174548898529,4.123105625617661,12.0,0.0
0903-6-hyf,34.0,word,1693733847.0521262,507.05230422783006,539.7472273691667,2.0,12.0,0.0
0903-6-hyf,34.0,word,1693733847.0834508,517.5426099161311,540.1687665110576,12.0,12.0,0.0
0903-6-hyf,34.0,word,1693733847.1156008,527.8955263244784,538.6432398218373,12.16552506059644,12.0,0.0
0903-6-hyf,34.0,word,1693733847.147625,550.6197929626314,538.582003873318,26.019223662515376,12.0,0.0
0903-6-hyf,34.0,word,1693733847.179971,575.0274074521776,536.6372412341345,28.16025568065745,12.0,0.0
0903-6-hyf,34.0,word,1693733847.2115693,596.8048787909263,533.6015485591051,25.317977802344327,12.0,0.0
0903-6-hyf,34.0,word,1693733847.2439473,613.407525545903,531.3267817724144,19.235384061671343,12.0,0.0
0903-6-hyf,34.0,word,1693733847.27526,625.8557018365503,532.7985676635159,14.0356688476182,12.0,0.0
0903-6-hyf,34.0,word,1693733847.3074603,634.7129900312661,533.14960835728,10.0,12.0,0.0
0903-6-hyf,34.0,word,1693733847.323574,641.8598898120458,534.4122711859412,8.06225774829855,12.0,0.0
0903-6-hyf,34.0,word,1693733847.356011,646.2935353618977,534.58819359861,5.0,12.0,0.0
0903-6-hyf,34.0,word,1693733847.3879693,649.0092062877892,535.6753609788793,3.1622776601683795,12.0,0.0
0903-6-hyf,34.0,word,1693733847.4199846,651.7246651408728,536.7624434598198,3.1622776601683795,12.0,0.0
0903-6-hyf,34.0,word,1693733847.451595,677.4308092798344,536.8044067132264,29.017236257093817,12.0,0.0
0903-6-hyf,34.0,word,1693733847.4838057,734.461323011015,538.0865990864881,64.00781202322104,12.0,0.0
0903-6-hyf,34.0,word,1693733847.5151813,790.8543601944546,537.364449455627,63.07138812488592,12.0,0.0
0903-6-hyf,34.0,word,1693733847.5470924,829.5496342946102,536.9161144618893,43.04648650006177,12.0,0.0
0903-6-hyf,34.0,word,1693733847.5794785,856.6318949382486,536.002282289017,30.066592756745816,12.0,0.0
0903-6-hyf,34.0,word,1693733847.5959904,872.0193029243302,535.615577491776,17.029386365926403,12.0,0.0
0903-6-hyf,34.0,word,1693733847.6276667,884.7088301664065,535.1211920422198,14.0356688476182,12.0,0.0
0903-6-hyf,34.0,word,1693733847.659745,891.0381264403053,533.3816918650148,7.280109889280518,12.0,0.0
0903-6-hyf,34.0,word,1693733847.691064,896.4797192373117,532.6000945353658,6.082762530298219,12.0,0.0
0903-6-hyf,34.0,word,1693733847.7237866,902.0455561568706,540.768694435436,10.0,12.0,0.0
0903-6-hyf,34.0,word,1693733847.8194406,830.6910742107536,817.9023972488312,309.48020938341114,12.0,0.0
0903-6-hyf,34.0,word,1693733847.8511844,808.7798273034795,774.2644220222331,52.773099207835045,12.0,0.0
0903-6-hyf,34.0,word,1693733847.8672495,810.2374676656527,765.2150987815123,10.198039027185567,12.0,0.0
0903-6-hyf,34.0,word,1693733847.91593,820.713435825911,737.2582500335258,33.61547262794322,12.0,0.0
0903-6-hyf,34.0,word,1693733847.9319704,827.9812436026793,682.5937407043899,59.84145720150872,12.0,0.0
0903-6-hyf,34.0,word,1693733847.963744,878.1750777704393,627.7363572925285,83.45058418010026,12.0,0.0
0903-6-hyf,34.0,word,1693733847.9956956,943.3344434320785,589.753286140015,84.21995013059554,12.0,0.0
0903-6-hyf,34.0,word,1693733848.0276752,986.8876724841349,570.9027633046644,52.392747589718944,12.0,0.0
0903-6-hyf,34.0,word,1693733848.059674,1011.6184190910449,556.0494929471059,31.38470965295043,12.0,0.0
0903-6-hyf,34.0,word,1693733848.0917675,1027.2783400828102,547.7106793322218,19.235384061671343,12.0,0.0
0903-6-hyf,34.0,word,1693733848.1232383,1035.5813109691164,545.0438410334954,9.486832980505138,12.0,0.0
0903-6-hyf,34.0,word,1693733848.1399195,1040.2036525205772,543.2270784471871,5.385164807134504,12.0,0.0
0903-6-hyf,34.0,word,1693733848.1724532,1042.967256385554,543.3358450398773,3.0,12.0,0.0
0903-6-hyf,34.0,word,1693733848.2036986,1044.8205479219682,542.4085174423551,2.23606797749979,12.0,0.0
0903-6-hyf,34.0,word,1693733848.2359293,1045.7422166515505,542.4447488962111,1.0,12.0,0.0
0903-6-hyf,34.0,word,1693733848.2671082,1046.6747742608716,541.4807220996732,1.4142135623730951,12.0,0.0
0903-6-hyf,34.0,word,1693733848.2991085,1047.6077231210247,540.5162908495311,1.4142135623730951,12.0,0.0
0903-6-hyf,34.0,word,1693733848.3314402,1063.2960075202207,541.1315618009147,17.0,12.0,0.0
0903-6-hyf,34.0,word,1693733848.3637486,1094.7218078983103,543.3672702644564,34.0147027033899,12.0,0.0
0903-6-hyf,34.0,word,1693733848.3958275,1127.1810954487394,544.6417716170374,35.0,12.0,0.0
0903-6-hyf,34.0,word,1693733848.41183,1154.149400713648,545.7006716771065,29.0,12.0,0.0
0903-6-hyf,34.0,word,1693733848.443967,1173.7198871082883,546.4690992447753,21.0,12.0,0.0
0903-6-hyf,34.0,word,1693733848.475297,1188.6195390448245,548.0613581476683,16.0312195418814,12.0,0.0
0903-6-hyf,34.0,word,1693733848.5077715,1199.7951966296707,549.5080902430168,12.041594578792296,12.0,0.0
0903-6-hyf,34.0,word,1693733848.5399196,1207.2372731531739,550.8084025919223,8.06225774829855,12.0,0.0
0903-6-hyf,34.0,word,1693733848.571542,1211.952813264915,549.9865750770437,5.0990195135927845,12.0,0.0
0903-6-hyf,34.0,word,1693733848.603582,1216.6719609957968,549.1641188238651,5.0990195135927845,12.0,0.0
0903-6-hyf,34.0,word,1693733848.6359217,1229.8295466060179,548.6722232909092,14.0356688476182,12.0,0.0
0903-6-hyf,34.0,word,1693733848.6670716,1263.6339788628204,549.9995412293451,36.0,12.0,0.0
0903-6-hyf,34.0,word,1693733848.683729,1302.3150598571726,550.505530042955,41.01219330881976,12.0,0.0
0903-6-hyf,34.0,word,1693733848.715771,1331.6755273440908,550.6425023310155,31.016124838541646,12.0,0.0
0903-6-hyf,34.0,word,1693733848.747908,1352.5838737600468,550.4457272762114,22.02271554554524,12.0,0.0
0903-6-hyf,34.0,word,1693733848.7799487,1366.7564965205554,552.0167069688346,15.033296378372908,12.0,0.0
0903-6-hyf,34.0,word,1693733848.8113956,1380.0595799704363,552.5378202505733,14.0,12.0,0.0
0903-6-hyf,34.0,word,1693733848.8435328,1354.228534310238,554.5715656414227,27.16615541441225,12.0,0.0
0903-6-hyf,34.0,word,1693733848.8758037,1248.013185423029,562.4895618303561,112.64102272262978,12.0,0.0
0903-6-hyf,34.0,word,1693733848.9078436,992.3576433546763,573.1004690716898,276.7977601065442,12.0,0.0
0903-6-hyf,34.0,word,1693733848.9392202,819.0570441214807,581.6518568113174,192.66551326067676,12.0,0.0
0903-6-hyf,34.0,word,1693733848.9554884,724.8728380734717,584.519004945824,106.23088063270492,12.0,0.0
0903-6-hyf,34.0,word,1693733848.9878318,683.3911278523908,584.7129291804014,47.042533945356304,12.0,0.0
0903-6-hyf,34.0,word,1693733849.0191314,663.316744637227,587.7245460878223,23.345235059857504,12.0,0.0
0903-6-hyf,34.0,word,1693733849.0513573,656.3816115865997,589.3567251736799,8.246211251235321,12.0,0.0
0903-6-hyf,34.0,word,1693733849.083473,621.666698638463,594.6052618581912,40.60788100849391,12.0,0.0
0903-6-hyf,34.0,word,1693733849.11562,579.1705129145003,597.5743222229721,49.25444142409901,12.0,0.0
0903-6-hyf,34.0,word,1693733849.147154,552.3280383625951,598.3324833349203,31.064449134018133,12.0,0.0
0903-6-hyf,34.0,word,1693733849.1792135,537.6373062614168,598.6548174092461,17.029386365926403,12.0,0.0
0903-6-hyf,34.0,word,1693733849.2118342,531.7832667538217,601.256908141332,7.615773105863909,12.0,0.0
0903-6-hyf,34.0,word,1693733849.2278333,528.3899790810175,602.0611711129073,4.123105625617661,12.0,0.0
0903-6-hyf,34.0,word,1693733849.2593184,525.7913781317724,601.9492127575251,3.0,12.0,0.0
0903-6-hyf,34.0,word,1693733849.291919,524.1330417570332,602.8275689665784,2.23606797749979,12.0,0.0
0903-6-hyf,34.0,word,1693733849.3232498,523.3410837939823,603.7428689995555,1.4142135623730951,12.0,0.0
0903-6-hyf,34.0,word,1693733849.3553112,522.5494453673366,604.6577997305044,1.4142135623730951,12.0,0.0
0903-6-hyf,34.0,word,1693733849.3875306,522.0540788204175,609.3771470322436,5.0990195135927845,12.0,0.0
0903-6-hyf,34.0,word,1693733849.53196,470.0984987368221,869.5851459778511,304.0148022712052,12.0,0.0
0903-6-hyf,34.0,word,1693733849.56329,581.5199394709875,933.1847414813923,146.24978632463024,12.0,0.0
0903-6-hyf,34.0,word,1693733849.5955274,596.7243157547695,916.2078597677246,29.0,12.0,0.0
0903-6-hyf,34.0,word,1693733849.627186,611.9245986495845,859.2497852810286,70.83784299369935,12.0,0.0
0903-6-hyf,34.0,word,1693733849.6594188,630.9729087676362,761.662395970495,114.9826073804208,12.0,0.0
0903-6-hyf,34.0,word,1693733849.691593,648.5455027559143,697.5439974877916,75.27283706623525,12.0,0.0
0903-6-hyf,34.0,word,1693733849.723679,659.5368417232172,662.637467378015,40.85339643163099,12.0,0.0
0903-6-hyf,34.0,word,1693733849.7397196,667.2173536010021,644.1590244746028,22.360679774997894,12.0,0.0
0903-6-hyf,34.0,word,1693733849.771302,668.4063170081865,633.803094369809,11.180339887498947,12.0,0.0
0903-6-hyf,34.0,word,1693733849.8035,671.6019567509551,628.2502271530797,7.211102550927978,12.0,0.0
0903-6-hyf,34.0,word,1693733849.8357928,673.978541751556,623.6004253038884,5.830951894845301,12.0,0.0
0903-6-hyf,34.0,word,1693733849.8671317,690.6816786027507,625.2842710253552,19.026297590440446,12.0,0.0
0903-6-hyf,34.0,word,1693733849.899263,700.9629616690789,711.1430394842232,91.26883367283708,12.0,0.0
0903-6-hyf,34.0,word,1693733850.0757468,1440.583188465744,1157.020011095938,979.29413354722,12.0,0.0
0903-6-hyf,34.0,word,1693733850.1071503,1490.041598874773,1139.4624518894223,60.41522986797286,12.0,0.0
0903-6-hyf,34.0,word,1693733850.139274,1596.508446628488,1200.558427585575,144.4506836259351,12.0,0.0
0903-6-hyf,34.0,word,1693733850.17149,1659.213342466821,1218.8386134216678,75.92759709091287,12.0,0.0
0903-6-hyf,34.0,word,1693733850.2039733,1685.9314022477638,1216.5480422125042,30.4138126514911,12.0,0.0
0903-6-hyf,34.0,word,1693733850.2351098,1696.1027067755108,1213.1135306016693,12.083045973594572,12.0,0.0
0903-6-hyf,34.0,word,1693733850.2675157,1706.746198248216,1206.3864393071126,14.212670403551895,12.0,0.0
0903-6-hyf,34.0,word,1693733850.28381,1719.7254317858713,1202.284402059107,15.231546211727816,12.0,0.0
0903-6-hyf,34.0,word,1693733850.3151047,1729.7517523153028,1200.4665803341177,11.40175425099138,12.0,0.0
0903-6-hyf,34.0,word,1693733850.3471577,1737.3848947317335,1196.8158988011548,9.433981132056603,12.0,0.0
0903-6-hyf,34.0,word,1693733850.3796334,1741.0310650294225,1196.2272652314368,4.123105625617661,12.0,0.0
0903-6-hyf,34.0,word,1693733850.4117851,1743.914954548727,1194.7521818647613,3.605551275463989,12.0,0.0
0903-6-hyf,34.0,word,1693733850.443084,1746.801317167208,1193.275833530259,3.605551275463989,12.0,0.0
0903-6-hyf,34.0,word,1693733850.4755025,1747.0388585547014,1191.6204447974903,2.0,12.0,0.0
0903-6-hyf,34.0,word,1693733850.5075643,1748.0415226774273,1190.8515945449765,1.4142135623730951,12.0,0.0
0903-6-hyf,34.0,word,1693733850.5398922,1748.1605276342184,1190.0232337296948,1.0,12.0,0.0
0903-6-hyf,34.0,word,1693733850.556095,1748.2795695731422,1189.1946154919444,1.0,12.0,0.0
0903-6-hyf,34.0,word,1693733850.5871336,1749.282982522014,1188.4249037029278,1.4142135623730951,12.0,0.0
0903-6-hyf,34.0,word,1693733850.6197226,1748.5177644663654,1187.5366062689059,1.4142135623730951,12.0,0.0
0903-6-hyf,34.0,word,1693733850.6515825,1747.6333581120514,1187.4774704751776,1.0,12.0,0.0
0903-6-hyf,34.0,word,1693733850.6836474,1747.7523689193056,1186.6481027953585,1.0,12.0,0.0
0903-6-hyf,34.0,word,1693733850.7156806,1747.8714167320506,1185.8184772300697,1.0,12.0,0.0
0903-6-hyf,34.0,word,1693733850.747607,1746.9867958190741,1185.759393210591,1.0,12.0,0.0
0903-6-hyf,34.0,word,1693733850.7796028,1747.8714167320506,1185.8184772300697,1.0,12.0,0.0
0903-6-hyf,34.0,word,1693733850.811222,1746.9867958190741,1185.759393210591,1.0,12.0,0.0
0903-6-hyf,34.0,word,1693733850.8433545,1747.8714167320506,1185.8184772300697,1.0,12.0,0.0
0903-6-hyf,34.0,word,1693733850.859502,1746.9867958190741,1185.759393210591,1.0,12.0,0.0
0903-6-hyf,34.0,word,1693733850.8910675,1747.8714167320506,1185.8184772300697,1.0,12.0,0.0
0903-6-hyf,34.0,word,1693733850.923446,1747.1057384037392,1184.9295332191355,1.4142135623730951,12.0,0.0
0903-6-hyf,34.0,word,1693733850.9558237,1747.2247179827248,1184.0994151190625,1.0,12.0,0.0
0903-6-hyf,34.0,word,1693733850.9877417,1747.2247179827248,1184.0994151190625,0.0,12.0,0.0
0903-6-hyf,34.0,word,1693733851.0197763,1747.2247179827248,1184.0994151190625,0.0,12.0,0.0
0903-6-hyf,34.0,word,1693733851.051051,1747.3437345732925,1183.2690387899352,1.0,12.0,0.0
0903-6-hyf,34.0,word,1693733851.083188,1746.458756678842,1183.2100302231981,1.0,12.0,0.0
0903-6-hyf,34.0,word,1693733851.0990837,1746.3398824084295,1184.0403829387953,1.0,12.0,0.0
0903-6-hyf,34.0,word,1693733851.1313932,1746.3398824084295,1184.0403829387953,0.0,12.0,0.0
0903-6-hyf,34.0,word,1693733851.1632738,1746.3398824084295,1184.0403829387953,0.0,12.0,0.0
0903-6-hyf,34.0,word,1693733851.1952744,1746.3398824084295,1184.0403829387953,0.0,12.0,0.0
0903-6-hyf,34.0,word,1693733851.2274268,1746.3398824084295,1184.0403829387953,0.0,12.0,0.0
0903-6-hyf,34.0,word,1693733851.2597563,1745.3364216596997,1184.811426329681,1.4142135623730951,12.0,0.0
0903-6-hyf,34.0,word,1693733851.291154,1745.099142246888,1186.4707940477663,2.0,12.0,0.0
0903-6-hyf,34.0,word,1693733851.323423,1744.980557851882,1187.3000910972214,1.0,12.0,0.0
0903-6-hyf,34.0,word,1693733851.3554375,1744.7434995987414,1188.9579121778897,2.0,12.0,0.0
0903-6-hyf,34.0,word,1693733851.371587,1744.6250257062663,1189.7864364492516,1.0,12.0,0.0
0903-6-hyf,34.0,word,1693733851.4037018,1744.5065886136463,1190.6147033679401,1.0,12.0,0.0
0903-6-hyf,34.0,word,1693733851.4357965,1744.3881883037377,1191.4427130538434,1.0,12.0,0.0
0903-6-hyf,34.0,word,1693733851.4672155,1744.151497963536,1193.0979612064746,2.0,12.0,0.0
0903-6-hyf,34.0,word,1693733851.499212,1744.033207899009,1193.9251999126063,1.0,12.0,0.0
0903-6-hyf,34.0,word,1693733851.5316682,1743.914954548727,1194.7521818647613,1.0,12.0,0.0
0903-6-hyf,34.0,word,1693733851.5636983,1743.7967378956002,1195.5789071824559,1.0,12.0,0.0
0903-6-hyf,34.0,word,1693733851.5951438,1742.7959907632862,1196.3460010563715,1.4142135623730951,12.0,0.0
0903-6-hyf,34.0,word,1693733851.627129,1741.7956328978419,1197.1127965489864,1.4142135623730951,12.0,0.0
0903-6-hyf,34.0,word,1693733851.6436076,1740.9133462958364,1197.0534076450858,1.0,12.0,0.0
0903-6-hyf,34.0,word,1693733851.6758244,1740.7956640721884,1197.879293834361,1.0,12.0,0.0
0903-6-hyf,34.0,word,1693733851.7078466,1739.9135883990964,1197.8198862966035,1.0,12.0,0.0
0903-6-hyf,34.0,word,1693733851.7392018,1738.914219217927,1198.5860669337847,1.4142135623730951,12.0,0.0
